"category","month_year","volume_product","sales_product"
esporte_lazer,"05-2018",492,59664.11
perfumaria,"05-2017",145,20119.04
utilidades_domesticas,"01-2018",359,38078.31
moveis_sala,"08-2018",40,5223.34
cama_mesa_banho,"11-2017",976,89430.44
moveis_decoracao,"04-2018",594,56793.01
fashion_bolsas_e_acessorios,"11-2017",200,13414.89
moveis_cozinha_area_de_servico_jantar_e_jardim,"01-2018",21,4838.5
telefonia,"10-2017",254,22926.76
moveis_sala,"08-2017",23,2478.07
consoles_games,"08-2018",62,4824.49
informatica_acessorios,"02-2018",981,100855.23
pet_shop,"06-2018",178,19491.78
beleza_saude,"02-2017",166,22838.79
cool_stuff,"08-2018",123,16354.58
informatica_acessorios,"02-2017",106,11972.59
brinquedos,"07-2018",156,17277.29
relogios_presentes,"09-2017",268,47135.6
pet_shop,"05-2018",136,11708.46
beleza_saude,"08-2017",360,49873.9
papelaria,"06-2018",167,12859.08
cool_stuff,"12-2017",252,39011.54
cool_stuff,"11-2017",302,56295.24
relogios_presentes,"04-2018",505,92658.57
esporte_lazer,"02-2018",651,75863.95
esporte_lazer,"09-2017",461,50167.48
beleza_saude,"12-2017",466,61264.66
automotivo,"06-2017",112,31370.69
informatica_acessorios,"07-2018",427,41902.79
ferramentas_jardim,"05-2017",145,21150.45
perfumaria,"06-2017",154,24438.1
esporte_lazer,"03-2018",761,85292.17
moveis_decoracao,"08-2018",433,41380.15
cool_stuff,"06-2017",201,38244.5
eletrodomesticos_2,"04-2018",23,20741.69
beleza_saude,"06-2018",887,108368.31
esporte_lazer,"04-2018",600,67528.08
utilidades_domesticas,"02-2018",400,35448.56
informatica_acessorios,"03-2018",758,85673.53
moveis_decoracao,"01-2017",183,13541.21
bebes,"09-2017",174,24366.3
cama_mesa_banho,"03-2018",799,69293.29
automotivo,"08-2018",378,45540.79
livros_tecnicos,"07-2018",28,2106.81
utilidades_domesticas,"04-2017",183,15028.84
moveis_escritorio,"01-2018",145,20113.41
eletrodomesticos,"05-2018",64,6149.67
automotivo,"06-2018",300,45407.49
papelaria,"05-2018",130,12923.39
malas_acessorios,"04-2018",57,8680.48
esporte_lazer,"07-2017",387,38813.41
moveis_decoracao,"03-2018",595,52244.04
utilidades_domesticas,"06-2018",584,56825.45
beleza_saude,"09-2017",381,51647.55
relogios_presentes,"11-2017",469,97724.57
cool_stuff,"10-2017",258,44910.01
beleza_saude,"01-2018",628,72470.49
cool_stuff,"03-2018",256,38353.22
cama_mesa_banho,"06-2018",773,71565.48
eletronicos,"05-2018",235,16989.29
fashion_bolsas_e_acessorios,"04-2017",50,3219.8
utilidades_domesticas,"05-2018",619,63003.57
esporte_lazer,"11-2017",612,64874.05
brinquedos,"12-2017",445,57194.14
cool_stuff,"07-2017",230,37506.76
beleza_saude,"10-2017",361,41915.72
moveis_decoracao,"06-2018",405,42190.22
brinquedos,"07-2017",207,24511.72
cama_mesa_banho,"12-2017",552,50505.85
telefonia,"02-2018",359,14105.24
fashion_bolsas_e_acessorios,"05-2017",110,7498.67
relogios_presentes,"05-2017",135,37973.9
papelaria,"05-2017",66,6049.98
esporte_lazer,"12-2017",493,59792.66
moveis_sala,"06-2017",15,1713.3
brinquedos,"01-2017",43,4814.09
eletroportateis,"06-2018",52,16106.13
brinquedos,"05-2017",200,22626.95
automotivo,"01-2018",268,35995.02
moveis_decoracao,"07-2018",440,45715.49
cama_mesa_banho,"07-2017",579,63888.75
artigos_de_festas,"12-2017",2,515.2
bebes,"07-2017",129,15941.11
bebes,"03-2018",224,41985.74
alimentos_bebidas,"11-2017",33,2445.57
pet_shop,"07-2017",86,6605.87
cool_stuff,"08-2017",264,41720.03
informatica_acessorios,"11-2017",532,72656.0
bebes,"08-2017",133,20261.13
pet_shop,"11-2017",100,11370.68
agro_industria_e_comercio,"01-2018",18,5853.44
cool_stuff,"05-2018",176,30039.11
industria_comercio_e_negocios,"06-2018",26,2609.9
perfumaria,"11-2017",311,31831.81
beleza_saude,"02-2018",668,86996.06
eletrodomesticos_2,"07-2017",7,1033.99
perfumaria,"05-2018",198,24757.7
industria_comercio_e_negocios,"04-2018",53,5690.61
telefonia_fixa,"01-2018",10,2444.1
telefonia,"05-2018",256,21608.26
beleza_saude,"07-2018",784,105813.03
consoles_games,"08-2017",90,8824.25
utilidades_domesticas,"08-2018",629,60202.67
perfumaria,"10-2017",189,16984.62
relogios_presentes,"05-2018",637,124051.65
cool_stuff,"05-2017",247,33696.47
beleza_saude,"05-2017",290,46786.02
relogios_presentes,"07-2018",528,96212.59
eletrodomesticos,"11-2017",25,4515.94
casa_construcao,"05-2018",79,10155.28
eletrodomesticos,"04-2018",106,15124.25
eletroportateis,"04-2018",67,12211.41
automotivo,"07-2018",344,43830.29
papelaria,"03-2018",164,13152.74
utilidades_domesticas,"06-2017",331,23623.71
utilidades_domesticas,"09-2017",255,20313.26
construcao_ferramentas_construcao,"07-2018",115,15237.47
telefonia,"06-2018",219,22776.82
informatica_acessorios,"08-2017",350,35025.72
bebes,"01-2018",224,30188.46
bebes,"05-2017",108,9849.51
beleza_saude,"07-2017",316,34896.86
informatica_acessorios,"06-2017",261,37007.08
consoles_games,"06-2017",30,5389.02
papelaria,"08-2017",80,6366.91
cama_mesa_banho,"03-2017",289,25773.02
construcao_ferramentas_seguranca,"07-2018",15,1888.95
beleza_saude,"08-2018",849,120803.94
perfumaria,"04-2018",175,17790.31
esporte_lazer,"01-2018",654,91574.33
eletronicos,"03-2017",37,3986.0
livros_tecnicos,"10-2016",1,267.0
cool_stuff,"04-2017",121,21822.08
consoles_games,"01-2018",54,8200.98
ferramentas_jardim,"04-2017",119,20809.28
brinquedos,"04-2017",113,13039.43
utilidades_domesticas,"07-2018",577,63409.14
telefonia,"01-2018",372,14879.96
pc_gamer,"05-2017",1,129.99
bebes,"08-2018",217,22004.15
fashion_bolsas_e_acessorios,"08-2018",127,8177.43
relogios_presentes,"03-2018",430,97861.08
automotivo,"04-2018",356,49629.19
perfumaria,"03-2017",106,19808.13
beleza_saude,"11-2017",584,79120.4
telefonia,"04-2018",284,16636.84
esporte_lazer,"03-2017",199,27001.59
esporte_lazer,"08-2017",426,41802.16
esporte_lazer,"10-2017",471,49751.45
moveis_decoracao,"03-2017",329,23562.53
beleza_saude,"04-2018",694,91751.04
construcao_ferramentas_jardim,"05-2018",16,1073.28
informatica_acessorios,"07-2017",328,38834.9
automotivo,"09-2017",108,14544.67
beleza_saude,"03-2018",674,90114.4
brinquedos,"08-2018",170,17753.05
consoles_games,"05-2018",54,5664.07
moveis_decoracao,"08-2017",437,35550.13
eletrodomesticos,"05-2017",28,1912.79
fashion_bolsas_e_acessorios,"06-2018",87,7869.95
eletroportateis,"11-2017",31,7826.82
papelaria,"01-2018",397,41023.91
moveis_decoracao,"10-2017",379,30227.51
moveis_sala,"05-2017",34,4929.43
papelaria,"12-2017",251,25731.0
cama_mesa_banho,"05-2018",747,71702.77
beleza_saude,"03-2017",211,25995.25
industria_comercio_e_negocios,"07-2018",14,4697.21
moveis_decoracao,"01-2018",612,55438.18
bebes,"04-2017",51,3980.45
relogios_presentes,"04-2017",97,23487.78
cool_stuff,"09-2017",207,38210.34
fashion_bolsas_e_acessorios,"03-2017",68,4861.16
esporte_lazer,"08-2018",475,51500.16
"","05-2018",43,3136.94
informatica_acessorios,"06-2018",408,42326.45
consoles_games,"04-2018",48,7239.4
brinquedos,"06-2018",191,21221.45
ferramentas_jardim,"02-2017",72,13144.61
informatica_acessorios,"04-2017",136,20691.06
cama_mesa_banho,"07-2018",625,55102.72
relogios_presentes,"02-2018",337,63462.18
alimentos,"06-2017",1,149.9
cama_mesa_banho,"04-2018",746,72357.25
brinquedos,"05-2018",221,31767.3
automotivo,"02-2018",319,41706.89
bebidas,"08-2018",30,1477.23
cama_mesa_banho,"10-2017",545,46198.0
moveis_decoracao,"07-2017",320,24751.92
utilidades_domesticas,"05-2017",307,21726.48
construcao_ferramentas_jardim,"01-2018",24,3927.98
esporte_lazer,"06-2018",426,45851.01
utilidades_domesticas,"11-2017",424,35194.32
esporte_lazer,"06-2017",277,32898.33
informatica_acessorios,"01-2018",707,83257.45
informatica_acessorios,"12-2017",287,37880.65
eletrodomesticos,"07-2018",79,5290.63
utilidades_domesticas,"08-2017",288,23733.94
alimentos_bebidas,"07-2017",8,168.2
relogios_presentes,"08-2018",416,72277.06
"","01-2018",208,22489.45
eletronicos,"07-2018",159,11150.75
cama_mesa_banho,"05-2017",369,33346.45
ferramentas_jardim,"03-2017",150,23747.15
utilidades_domesticas,"12-2017",295,25921.95
automotivo,"03-2018",344,44753.24
cama_mesa_banho,"08-2018",658,61035.88
fashion_bolsas_e_acessorios,"10-2017",110,7906.06
"","12-2017",146,16224.92
eletroportateis,"01-2018",55,15450.76
brinquedos,"11-2017",495,64320.89
tablets_impressao_imagem,"04-2017",11,1112.88
moveis_decoracao,"10-2016",67,5807.89
beleza_saude,"05-2018",770,96460.36
telefonia,"12-2017",268,13639.0
alimentos,"08-2018",116,8256.18
perfumaria,"07-2018",207,22715.47
moveis_decoracao,"11-2017",783,63223.97
relogios_presentes,"10-2017",314,65959.53
telefonia,"02-2017",111,6899.09
eletronicos,"08-2018",120,10769.47
beleza_saude,"04-2017",189,22935.75
utilidades_domesticas,"03-2018",407,37514.44
esporte_lazer,"07-2018",471,55446.58
brinquedos,"01-2018",165,21948.23
moveis_decoracao,"05-2017",279,24028.51
livros_interesse_geral,"09-2017",15,965.14
market_place,"02-2017",22,1688.22
eletrodomesticos,"08-2018",65,6584.4
moveis_decoracao,"05-2018",606,54330.88
perfumaria,"04-2017",105,19891.11
casa_construcao,"07-2018",61,6780.15
alimentos_bebidas,"05-2017",17,416.29
automotivo,"07-2017",118,14267.64
perfumaria,"12-2017",241,27864.43
bebes,"07-2018",222,22185.96
papelaria,"02-2018",160,11909.0
bebes,"04-2018",244,49821.84
cama_mesa_banho,"01-2018",848,76377.79
construcao_ferramentas_seguranca,"06-2018",16,2565.37
moveis_decoracao,"09-2017",348,30838.69
telefonia,"11-2017",383,26564.88
telefonia,"03-2018",346,25850.87
ferramentas_jardim,"06-2018",185,18018.71
relogios_presentes,"07-2017",168,36804.56
cama_mesa_banho,"09-2017",533,52473.2
cool_stuff,"02-2018",188,31112.11
livros_tecnicos,"05-2018",56,3055.48
malas_acessorios,"08-2017",63,6833.1
perfumaria,"03-2018",203,20521.15
telefonia,"08-2018",277,37541.89
brinquedos,"06-2017",158,15476.35
informatica_acessorios,"10-2017",322,44022.09
"","03-2017",63,6714.17
fashion_bolsas_e_acessorios,"02-2017",39,2374.11
brinquedos,"03-2018",235,23445.65
cool_stuff,"04-2018",207,35202.4
moveis_decoracao,"12-2017",391,32060.75
informatica_acessorios,"04-2018",544,59651.2
ferramentas_jardim,"12-2017",325,27689.69
eletrodomesticos,"03-2018",70,9876.59
ferramentas_jardim,"06-2017",114,15851.17
eletronicos,"04-2018",214,11022.43
construcao_ferramentas_construcao,"04-2018",92,13293.83
alimentos_bebidas,"08-2017",15,494.81
relogios_presentes,"06-2018",481,86885.56
climatizacao,"06-2018",15,3567.9
moveis_decoracao,"02-2018",434,38646.52
"","06-2018",23,2387.13
construcao_ferramentas_iluminacao,"07-2018",55,7249.61
moveis_escritorio,"02-2017",63,11805.98
casa_conforto,"04-2018",18,1939.4
ferramentas_jardim,"01-2018",240,27037.94
construcao_ferramentas_jardim,"07-2018",25,1956.47
papelaria,"10-2017",101,8607.86
utilidades_domesticas,"04-2018",471,45405.96
brinquedos,"09-2017",297,31399.22
bebidas,"10-2017",12,596.98
moveis_decoracao,"06-2017",233,16943.58
fashion_bolsas_e_acessorios,"08-2017",99,6617.68
brinquedos,"04-2018",205,23352.38
eletronicos,"03-2018",261,12554.8
construcao_ferramentas_construcao,"02-2018",70,9043.44
telefonia,"03-2017",172,8121.05
informatica_acessorios,"08-2018",419,40293.93
automotivo,"08-2017",166,20421.11
eletrodomesticos_2,"01-2018",13,8630.1
alimentos,"02-2017",9,715.63
fashion_bolsas_e_acessorios,"07-2017",88,5193.1
perfumaria,"06-2018",192,27620.06
malas_acessorios,"10-2017",56,6240.34
relogios_presentes,"08-2017",212,36419.2
perfumaria,"10-2016",33,5688.7
moveis_escritorio,"04-2017",58,9411.3
papelaria,"09-2017",77,6130.41
pet_shop,"03-2017",45,8369.96
esporte_lazer,"04-2017",218,24864.33
bebes,"06-2018",227,30885.52
eletrodomesticos_2,"01-2017",8,2126.68
automotivo,"12-2017",268,39287.64
livros_tecnicos,"03-2018",17,913.47
pet_shop,"01-2018",90,10885.96
malas_acessorios,"05-2018",49,6618.46
livros_tecnicos,"06-2018",26,1747.43
bebidas,"12-2017",34,2132.84
utilidades_domesticas,"10-2017",236,16026.62
agro_industria_e_comercio,"03-2018",28,6019.0
relogios_presentes,"01-2018",370,75621.24
alimentos_bebidas,"12-2017",22,1098.68
telefonia,"09-2017",177,18559.25
ferramentas_jardim,"07-2018",179,26173.78
eletronicos,"02-2017",19,1218.85
automotivo,"05-2018",311,40928.14
malas_acessorios,"12-2017",47,6248.21
informatica_acessorios,"05-2017",320,45634.78
pet_shop,"06-2017",64,5243.57
utilidades_domesticas,"07-2017",276,20874.3
bebes,"10-2017",138,16497.5
musica,"06-2018",3,109.08
telefonia,"07-2018",225,26939.41
moveis_escritorio,"12-2017",49,6964.36
pet_shop,"08-2017",90,10500.79
industria_comercio_e_negocios,"03-2018",29,2922.45
moveis_decoracao,"02-2017",266,20986.1
moveis_escritorio,"11-2017",102,18048.2
eletronicos,"06-2018",191,9664.57
bebes,"12-2017",143,19943.08
informatica_acessorios,"05-2018",464,51515.73
construcao_ferramentas_ferramentas,"08-2018",14,1255.77
bebes,"11-2017",203,21738.78
moveis_escritorio,"03-2018",202,31301.62
perfumaria,"08-2018",223,25017.69
brinquedos,"10-2017",290,34633.01
"","08-2017",77,5243.4
pcs,"12-2017",23,16741.0
relogios_presentes,"12-2017",368,72096.62
malas_acessorios,"07-2018",54,5821.72
alimentos_bebidas,"04-2017",3,47.9
consoles_games,"09-2017",66,8910.37
utilidades_domesticas,"03-2017",204,13511.81
pet_shop,"07-2018",160,19583.74
eletronicos,"01-2018",351,15996.68
pcs,"08-2017",29,33700.0
cool_stuff,"01-2018",300,39739.7
instrumentos_musicais,"03-2018",55,10822.2
industria_comercio_e_negocios,"02-2018",37,4735.59
esporte_lazer,"01-2017",80,9717.62
ferramentas_jardim,"05-2018",291,37863.18
ferramentas_jardim,"03-2018",262,27612.25
telefonia_fixa,"03-2017",21,1592.35
casa_construcao,"06-2018",71,9094.59
construcao_ferramentas_construcao,"11-2017",47,6993.56
livros_interesse_geral,"02-2018",29,1912.65
bebidas,"05-2018",48,2790.98
livros_tecnicos,"04-2018",23,1172.1
esporte_lazer,"10-2016",19,3333.64
papelaria,"11-2017",166,16699.09
market_place,"08-2017",23,1937.39
livros_tecnicos,"12-2017",4,670.69
bebidas,"06-2018",33,1567.07
eletrodomesticos_2,"02-2018",21,8998.83
casa_conforto,"08-2018",16,2241.28
casa_construcao,"02-2018",39,5303.9
"","03-2018",135,17378.11
relogios_presentes,"06-2017",124,28948.63
"","07-2018",47,4612.0
agro_industria_e_comercio,"07-2018",30,7756.69
moveis_escritorio,"05-2018",105,21005.86
beleza_saude,"06-2017",260,32029.39
malas_acessorios,"06-2018",36,5070.88
moveis_sala,"07-2018",55,6779.63
cama_mesa_banho,"06-2017",382,35114.81
eletroportateis,"05-2018",48,10620.99
consoles_games,"07-2018",49,8519.11
pet_shop,"02-2018",102,9595.03
papelaria,"07-2018",191,17247.09
eletrodomesticos,"02-2018",49,5583.74
beleza_saude,"01-2017",85,12561.32
"","04-2017",72,8742.99
moveis_sala,"07-2017",31,4395.12
brinquedos,"03-2017",103,12429.47
cool_stuff,"03-2017",123,21095.21
pet_shop,"08-2018",199,24857.07
bebes,"10-2016",14,1630.16
malas_acessorios,"03-2018",57,5911.77
brinquedos,"08-2017",184,18126.87
instrumentos_musicais,"11-2017",49,16509.9
cama_mesa_banho,"08-2017",512,57137.23
casa_construcao,"08-2018",49,7016.16
fashion_underwear_e_moda_praia,"03-2017",6,394.14
ferramentas_jardim,"07-2017",190,20067.05
informatica_acessorios,"09-2017",253,28930.98
market_place,"10-2017",11,1019.54
livros_tecnicos,"11-2017",6,768.9
perfumaria,"08-2017",128,13142.09
fashion_bolsas_e_acessorios,"03-2018",139,10261.58
consoles_games,"03-2018",58,11858.72
brinquedos,"02-2017",67,9403.34
climatizacao,"11-2017",19,4076.62
ferramentas_jardim,"08-2017",238,24269.4
ferramentas_jardim,"10-2017",281,25978.74
casa_construcao,"12-2017",39,6735.3
construcao_ferramentas_construcao,"08-2018",162,22917.16
bebidas,"08-2017",2,119.9
papelaria,"03-2017",56,5902.62
cama_mesa_banho,"02-2018",690,60690.88
eletronicos,"06-2017",42,2100.04
eletrodomesticos_2,"08-2017",17,4004.55
construcao_ferramentas_jardim,"02-2018",20,1538.25
moveis_escritorio,"02-2018",109,17774.78
moveis_escritorio,"03-2017",78,11783.51
fashion_underwear_e_moda_praia,"08-2017",13,1111.0
brinquedos,"02-2018",147,14863.83
climatizacao,"01-2018",29,4674.74
alimentos,"03-2018",35,1559.9
ferramentas_jardim,"09-2017",225,22507.23
consoles_games,"06-2018",43,6903.01
malas_acessorios,"02-2018",47,6604.35
"","08-2018",32,2419.04
construcao_ferramentas_iluminacao,"08-2018",62,8212.53
fashion_calcados,"05-2017",22,1669.54
perfumaria,"02-2018",215,20632.7
eletroportateis,"02-2018",32,5245.16
casa_conforto,"07-2018",24,2984.38
construcao_ferramentas_construcao,"12-2017",27,5830.35
livros_interesse_geral,"04-2018",50,6295.51
artigos_de_festas,"08-2018",14,1285.29
pet_shop,"09-2017",71,8534.92
alimentos,"03-2017",24,2667.56
fashion_bolsas_e_acessorios,"04-2018",107,9030.85
artes,"01-2018",19,2540.77
pet_shop,"04-2017",51,6182.89
construcao_ferramentas_construcao,"01-2018",49,10963.18
malas_acessorios,"06-2017",61,8232.09
cama_mesa_banho,"04-2017",274,24347.69
telefonia,"08-2017",136,10930.29
ferramentas_jardim,"04-2018",288,35037.64
instrumentos_musicais,"06-2018",47,16177.92
pet_shop,"12-2017",74,7227.23
casa_conforto,"08-2017",28,4000.19
bebidas,"04-2018",54,5016.44
telefonia,"07-2017",144,9064.86
tablets_impressao_imagem,"07-2017",2,198.0
pet_shop,"03-2018",124,13643.69
bebidas,"03-2017",5,463.87
esporte_lazer,"05-2017",317,36200.4
ferramentas_jardim,"02-2018",298,26946.13
eletroportateis,"03-2018",37,14260.15
telefonia,"05-2017",224,9264.1
audio,"09-2017",10,1042.59
tablets_impressao_imagem,"08-2017",6,450.89
climatizacao,"04-2017",16,2582.23
relogios_presentes,"03-2017",81,26770.38
eletroportateis,"03-2017",31,11171.06
casa_construcao,"03-2018",44,5639.51
telefonia,"06-2017",160,6757.62
moveis_decoracao,"04-2017",203,21690.42
bebes,"06-2017",78,7864.74
moveis_escritorio,"08-2017",58,9877.36
consoles_games,"11-2017",134,12608.88
ferramentas_jardim,"11-2017",550,45972.18
perfumaria,"09-2017",160,14744.87
informatica_acessorios,"03-2017",174,28624.6
ferramentas_jardim,"08-2018",138,16432.34
perfumaria,"07-2017",126,12910.02
sinalizacao_e_seguranca,"08-2018",22,1825.59
eletroportateis,"07-2017",34,4621.36
automotivo,"11-2017",263,34955.38
eletronicos,"02-2018",334,14830.0
climatizacao,"02-2018",12,2626.89
fashion_roupa_feminina,"06-2017",3,154.8
papelaria,"04-2018",155,11701.35
"","02-2017",58,9034.1
instrumentos_musicais,"12-2017",42,10823.5
"","11-2017",122,14115.98
livros_tecnicos,"08-2018",29,1483.79
eletrodomesticos,"06-2017",43,2507.19
bebes,"05-2018",245,34003.6
casa_construcao,"01-2018",42,5827.58
alimentos,"07-2017",7,584.16
fashion_calcados,"12-2017",13,1099.0
automotivo,"03-2017",87,14482.07
pet_shop,"04-2018",170,18778.3
pet_shop,"02-2017",40,3729.07
consoles_games,"10-2017",109,10608.87
pet_shop,"10-2017",76,8243.58
livros_interesse_geral,"06-2017",21,1940.08
fashion_bolsas_e_acessorios,"01-2018",125,7931.72
construcao_ferramentas_construcao,"05-2018",125,20748.6
fashion_bolsas_e_acessorios,"05-2018",111,11519.16
consoles_games,"12-2017",93,9075.01
artigos_de_festas,"06-2018",2,84.8
livros_interesse_geral,"08-2018",36,1564.78
tablets_impressao_imagem,"06-2017",6,594.0
perfumaria,"01-2018",229,20036.89
musica,"08-2018",6,497.81
telefonia_fixa,"06-2018",17,2080.32
automotivo,"04-2017",88,15548.17
livros_tecnicos,"02-2018",26,1411.21
cool_stuff,"06-2018",103,19316.37
construcao_ferramentas_seguranca,"03-2018",22,5374.87
utilidades_domesticas,"01-2017",28,2827.58
eletronicos,"05-2017",68,6709.11
alimentos_bebidas,"01-2018",11,341.17
consoles_games,"07-2017",48,5680.16
eletrodomesticos,"12-2017",16,1331.0
"","10-2017",73,18800.48
moveis_escritorio,"07-2018",82,13775.27
alimentos,"08-2017",8,364.5
fashion_underwear_e_moda_praia,"11-2017",10,1221.6
pet_shop,"05-2017",73,8151.02
"","09-2017",74,5904.14
telefonia,"04-2017",145,7245.87
"","05-2017",96,10961.94
papelaria,"04-2017",36,4606.34
fashion_bolsas_e_acessorios,"12-2017",135,10028.46
moveis_sala,"04-2018",34,5133.73
casa_conforto,"03-2017",13,2123.4
fashion_roupa_masculina,"06-2018",7,447.8
papelaria,"08-2018",172,15752.55
sinalizacao_e_seguranca,"04-2018",36,2222.3
eletroportateis,"10-2017",32,6464.85
perfumaria,"02-2017",51,8127.18
fashion_bolsas_e_acessorios,"06-2017",83,6831.03
fashion_bolsas_e_acessorios,"02-2018",107,9786.63
automotivo,"05-2017",126,18700.02
alimentos_bebidas,"02-2018",24,1059.1
"","07-2017",61,3124.66
tablets_impressao_imagem,"05-2017",7,1514.98
livros_interesse_geral,"05-2017",20,1841.57
livros_interesse_geral,"03-2017",25,2648.96
eletroportateis,"09-2017",33,10965.63
fashion_underwear_e_moda_praia,"03-2018",5,289.4
fashion_calcados,"05-2018",10,1582.7
climatizacao,"08-2018",21,3556.9
portateis_casa_forno_e_cafe,"07-2018",15,4699.67
telefonia,"10-2016",10,500.08
artigos_de_festas,"11-2017",4,870.69
industria_comercio_e_negocios,"05-2018",41,3890.99
papelaria,"02-2017",19,2341.4
fashion_underwear_e_moda_praia,"06-2017",1,3.9
instrumentos_musicais,"07-2018",37,9541.8
construcao_ferramentas_construcao,"06-2018",113,22947.72
automotivo,"10-2017",150,21505.28
fashion_roupa_infanto_juvenil,"09-2017",1,89.99
pc_gamer,"02-2018",1,129.99
bebes,"02-2018",176,25985.82
fashion_bolsas_e_acessorios,"10-2016",9,508.3
la_cuisine,"08-2017",2,313.0
casa_construcao,"11-2017",38,4936.72
sinalizacao_e_seguranca,"07-2018",29,3785.19
market_place,"02-2018",28,1920.92
alimentos,"10-2017",17,806.06
relogios_presentes,"02-2017",37,11756.21
construcao_ferramentas_jardim,"04-2018",18,1326.79
esporte_lazer,"02-2017",156,16372.16
construcao_ferramentas_jardim,"03-2018",23,2497.23
fashion_underwear_e_moda_praia,"02-2017",8,396.97
bebidas,"11-2017",19,748.61
tablets_impressao_imagem,"02-2017",8,792.0
pc_gamer,"06-2017",1,129.99
"","04-2018",76,8240.66
moveis_escritorio,"09-2017",61,9208.65
moveis_cozinha_area_de_servico_jantar_e_jardim,"11-2017",33,5007.39
artes_e_artesanato,"08-2018",9,901.76
construcao_ferramentas_seguranca,"02-2018",8,5965.75
cama_mesa_banho,"02-2017",165,16282.73
casa_construcao,"10-2017",18,4201.17
moveis_sala,"02-2017",24,3791.63
relogios_presentes,"01-2017",11,8086.52
automotivo,"02-2017",86,13162.4
cool_stuff,"02-2017",70,13323.6
agro_industria_e_comercio,"08-2018",18,5021.09
artigos_de_natal,"11-2017",24,1340.58
informatica_acessorios,"01-2017",31,3924.14
fashion_calcados,"10-2017",18,1860.92
papelaria,"07-2017",80,7091.75
instrumentos_musicais,"02-2018",44,9015.73
eletroportateis,"12-2017",29,8913.77
audio,"10-2016",2,156.99
alimentos,"06-2018",24,1371.18
climatizacao,"08-2017",15,4271.73
climatizacao,"06-2017",11,2084.48
eletrodomesticos,"08-2017",49,4587.05
moveis_escritorio,"10-2017",102,17890.83
alimentos_bebidas,"08-2018",21,1028.61
moveis_sala,"10-2017",19,1532.79
moveis_sala,"01-2018",22,2308.1
moveis_escritorio,"04-2018",133,20194.72
malas_acessorios,"01-2018",128,18738.22
fashion_calcados,"09-2017",14,1179.6
construcao_ferramentas_jardim,"04-2017",8,1490.21
livros_interesse_geral,"03-2018",39,1711.93
market_place,"10-2016",13,1306.19
fashion_calcados,"07-2017",20,1423.01
fashion_roupa_masculina,"11-2017",12,929.99
eletrodomesticos_2,"05-2017",9,3093.04
construcao_ferramentas_jardim,"09-2017",6,297.5
ferramentas_jardim,"01-2017",58,8152.75
market_place,"03-2018",17,1548.74
alimentos_bebidas,"10-2017",17,2297.23
climatizacao,"05-2018",15,2051.2
cool_stuff,"07-2018",121,30551.61
livros_interesse_geral,"05-2018",53,6019.03
audio,"05-2017",17,2081.18
"","06-2017",63,5527.79
bebes,"02-2017",34,3048.48
climatizacao,"09-2017",8,1731.05
market_place,"03-2017",17,1808.59
malas_acessorios,"08-2018",66,6847.91
moveis_sala,"01-2017",10,1241.9
eletroportateis,"02-2017",28,7251.58
tablets_impressao_imagem,"03-2017",5,495.0
malas_acessorios,"11-2017",72,8538.95
eletronicos,"12-2017",210,8537.51
moveis_sala,"11-2017",39,6212.95
perfumaria,"01-2017",34,5112.6
eletrodomesticos,"06-2018",67,5916.37
climatizacao,"02-2017",12,3095.3
industria_comercio_e_negocios,"11-2017",7,2074.77
fashion_roupa_masculina,"07-2017",9,719.99
artes,"03-2018",7,461.5
fashion_calcados,"06-2017",20,1351.2
papelaria,"06-2017",38,3493.57
fashion_bolsas_e_acessorios,"09-2017",124,11948.22
instrumentos_musicais,"02-2017",9,2221.28
audio,"11-2017",36,3677.23
instrumentos_musicais,"01-2018",53,15405.58
climatizacao,"04-2018",24,3448.69
construcao_ferramentas_ferramentas,"03-2018",9,931.3
construcao_ferramentas_jardim,"12-2017",6,928.9
"","02-2018",120,12758.75
eletronicos,"04-2017",48,4822.24
construcao_ferramentas_jardim,"08-2018",23,3688.76
fashion_roupa_masculina,"04-2018",1,195.0
moveis_cozinha_area_de_servico_jantar_e_jardim,"02-2018",20,4750.16
fashion_calcados,"03-2017",14,1515.0
moveis_escritorio,"05-2017",56,8403.43
market_place,"05-2017",22,2476.98
sinalizacao_e_seguranca,"06-2018",27,5863.18
bebidas,"07-2018",17,1335.17
instrumentos_musicais,"10-2017",27,6859.16
bebidas,"09-2017",8,327.97
moveis_escritorio,"10-2016",6,1300.88
eletroportateis,"08-2018",25,6759.06
pet_shop,"01-2017",15,967.12
livros_interesse_geral,"07-2018",25,4077.45
telefonia_fixa,"02-2017",22,759.23
tablets_impressao_imagem,"11-2017",6,350.4
pc_gamer,"04-2017",2,259.98
construcao_ferramentas_construcao,"03-2018",71,10549.38
eletronicos,"01-2017",11,617.0
fashion_roupa_masculina,"08-2018",3,381.69
malas_acessorios,"07-2017",74,8357.61
cool_stuff,"01-2017",40,7784.87
eletrodomesticos,"07-2017",37,3671.99
livros_importados,"02-2017",1,99.0
fashion_calcados,"02-2018",11,1033.7
alimentos,"05-2017",3,387.9
moveis_cozinha_area_de_servico_jantar_e_jardim,"08-2018",21,2156.47
eletronicos,"07-2017",97,7346.84
market_place,"01-2018",14,818.72
fashion_underwear_e_moda_praia,"09-2017",18,1789.7
fashion_roupa_infanto_juvenil,"06-2018",1,89.99
fashion_esporte,"06-2017",6,495.49
malas_acessorios,"09-2017",42,3885.38
instrumentos_musicais,"05-2018",61,18757.07
alimentos_bebidas,"04-2018",18,605.07
moveis_sala,"02-2018",26,4402.78
instrumentos_musicais,"08-2018",41,10519.34
construcao_ferramentas_jardim,"08-2017",10,1286.19
casa_conforto,"11-2017",45,5355.39
telefonia_fixa,"06-2017",12,933.67
bebidas,"03-2018",21,962.7
fashion_calcados,"08-2017",22,1491.69
eletronicos,"11-2017",184,10026.14
dvds_blu_ray,"08-2017",6,113.4
artes,"10-2017",3,349.05
automotivo,"01-2017",34,5218.53
livros_interesse_geral,"08-2017",30,3329.8
moveis_sala,"03-2018",19,3521.87
eletroportateis,"08-2017",36,4297.01
instrumentos_musicais,"07-2017",32,8411.59
fashion_calcados,"03-2018",12,1252.8
climatizacao,"05-2017",8,1016.77
bebidas,"05-2017",1,90.0
artigos_de_natal,"10-2017",12,388.05
consoles_games,"03-2017",50,10768.84
artigos_de_natal,"04-2017",1,69.0
cama_mesa_banho,"01-2017",48,3960.16
livros_interesse_geral,"12-2017",42,2397.1
market_place,"09-2017",11,1147.21
eletrodomesticos,"02-2017",7,740.9
moveis_sala,"06-2018",29,3541.62
market_place,"08-2018",8,949.27
eletronicos,"10-2017",63,3454.32
moveis_sala,"05-2018",16,2721.08
bebidas,"02-2018",32,1967.44
cine_foto,"02-2017",1,59.0
fashion_roupa_feminina,"07-2017",4,310.7
fashion_roupa_feminina,"02-2017",4,457.8
telefonia_fixa,"08-2017",20,3343.54
cine_foto,"06-2017",1,79.0
construcao_ferramentas_seguranca,"01-2018",11,2228.89
eletronicos,"08-2017",56,2854.15
telefonia_fixa,"07-2017",9,218.73
bebidas,"01-2018",52,2307.61
tablets_impressao_imagem,"02-2018",13,694.97
cine_foto,"05-2017",1,59.0
moveis_escritorio,"06-2018",77,12725.58
consoles_games,"05-2017",29,2507.2
eletroportateis,"04-2017",21,23253.98
sinalizacao_e_seguranca,"02-2018",15,715.79
construcao_ferramentas_seguranca,"08-2018",26,4070.12
climatizacao,"07-2017",5,1396.1
eletrodomesticos_2,"07-2018",23,12597.32
construcao_ferramentas_ferramentas,"07-2018",12,5501.2
moveis_cozinha_area_de_servico_jantar_e_jardim,"12-2017",20,4277.3
dvds_blu_ray,"03-2017",5,1873.7
tablets_impressao_imagem,"03-2018",3,259.29
sinalizacao_e_seguranca,"10-2017",10,744.0
construcao_ferramentas_jardim,"11-2017",17,1218.5
portateis_casa_forno_e_cafe,"08-2018",17,2996.72
"","01-2017",13,1702.64
construcao_ferramentas_seguranca,"04-2018",24,2887.26
malas_acessorios,"04-2017",49,7150.2
casa_construcao,"04-2018",76,9318.5
utilidades_domesticas,"10-2016",12,1287.07
fashion_underwear_e_moda_praia,"01-2017",2,137.25
fashion_esporte,"03-2017",1,39.9
construcao_ferramentas_seguranca,"03-2017",2,380.0
livros_tecnicos,"09-2017",8,1001.35
climatizacao,"10-2017",12,2562.42
alimentos,"09-2017",17,992.92
tablets_impressao_imagem,"12-2017",6,419.4
fashion_bolsas_e_acessorios,"01-2017",35,1671.97
dvds_blu_ray,"01-2017",2,29.8
fashion_roupa_masculina,"09-2017",16,1177.5
la_cuisine,"07-2017",4,469.99
consoles_games,"02-2018",52,11978.73
malas_acessorios,"01-2017",5,492.5
construcao_ferramentas_construcao,"05-2017",1,99.99
fashion_roupa_masculina,"04-2017",7,416.69
construcao_ferramentas_construcao,"06-2017",8,376.37
alimentos,"07-2018",64,3378.17
construcao_ferramentas_construcao,"07-2017",6,549.44
bebes,"01-2017",41,6397.87
casa_construcao,"07-2017",2,93.6
instrumentos_musicais,"09-2017",28,9034.97
market_place,"04-2017",20,4090.18
construcao_ferramentas_construcao,"08-2017",7,1180.0
malas_acessorios,"02-2017",21,1694.18
instrumentos_musicais,"06-2017",20,4993.05
flores,"07-2018",2,47.99
construcao_ferramentas_ferramentas,"02-2018",12,1318.2
consoles_games,"02-2017",18,4294.77
sinalizacao_e_seguranca,"06-2017",2,273.9
cine_foto,"04-2017",2,118.0
agro_industria_e_comercio,"04-2018",12,4500.7
livros_interesse_geral,"06-2018",39,3345.39
casa_construcao,"04-2017",5,1602.69
tablets_impressao_imagem,"01-2018",3,161.8
instrumentos_musicais,"05-2017",21,10019.43
construcao_ferramentas_construcao,"10-2017",19,2576.18
agro_industria_e_comercio,"11-2017",19,13932.49
agro_industria_e_comercio,"02-2018",27,7404.8
informatica_acessorios,"10-2016",21,1399.32
livros_importados,"09-2017",4,290.0
cine_foto,"09-2017",1,69.0
agro_industria_e_comercio,"05-2017",4,1579.94
fraldas_higiene,"06-2018",7,321.0
casa_conforto,"06-2018",16,2386.49
livros_tecnicos,"08-2017",9,1196.38
moveis_colchao_e_estofado,"01-2018",9,860.5
moveis_cozinha_area_de_servico_jantar_e_jardim,"07-2018",23,3875.95
construcao_ferramentas_ferramentas,"01-2018",8,532.3
malas_acessorios,"03-2017",38,5924.01
livros_interesse_geral,"11-2017",38,2664.96
utilidades_domesticas,"02-2017",81,12659.67
tablets_impressao_imagem,"06-2018",1,50.0
alimentos,"01-2017",2,42.82
moveis_escritorio,"06-2017",50,7279.13
musica,"04-2018",5,1696.86
telefonia,"01-2017",26,2945.86
cine_foto,"10-2017",1,69.0
instrumentos_musicais,"08-2017",27,7185.55
sinalizacao_e_seguranca,"07-2017",6,530.19
instrumentos_musicais,"03-2017",10,1667.33
casa_conforto,"09-2017",33,4592.34
pcs,"05-2018",14,9429.92
moveis_quarto,"08-2018",12,2197.0
cds_dvds_musicais,"07-2017",5,225.0
cine_foto,"07-2018",7,1178.54
construcao_ferramentas_seguranca,"12-2017",7,1384.92
moveis_escritorio,"07-2017",116,17042.6
casa_conforto,"06-2017",18,3056.19
construcao_ferramentas_seguranca,"11-2017",15,3318.59
alimentos,"04-2018",40,1665.43
moveis_cozinha_area_de_servico_jantar_e_jardim,"08-2017",7,1006.2
market_place,"04-2018",15,627.23
moveis_quarto,"08-2017",3,618.0
alimentos,"11-2017",17,556.95
artes,"06-2018",28,2500.14
alimentos,"05-2018",44,1542.93
audio,"08-2017",7,1050.7
artes,"08-2018",18,1481.39
cds_dvds_musicais,"11-2017",3,195.0
construcao_ferramentas_jardim,"05-2017",8,1577.24
cds_dvds_musicais,"12-2017",1,65.0
market_place,"07-2017",13,1573.38
cds_dvds_musicais,"04-2018",1,65.0
artes,"05-2017",8,6967.65
cds_dvds_musicais,"08-2017",3,135.0
climatizacao,"03-2017",17,4103.81
artes,"04-2018",26,2140.28
eletrodomesticos_2,"05-2018",23,14441.24
livros_interesse_geral,"01-2018",45,2180.15
eletroportateis,"07-2018",43,8711.25
alimentos,"01-2018",20,868.41
bebes,"03-2017",44,3724.08
climatizacao,"03-2018",25,2667.58
construcao_ferramentas_jardim,"06-2018",11,799.44
moveis_cozinha_area_de_servico_jantar_e_jardim,"02-2017",2,139.9
beleza_saude,"10-2016",48,4552.51
pcs,"06-2018",13,13127.0
telefonia_fixa,"05-2018",17,1946.1
market_place,"01-2017",6,447.04
construcao_ferramentas_jardim,"07-2017",8,347.58
dvds_blu_ray,"11-2017",3,79.79
cds_dvds_musicais,"10-2017",1,45.0
telefonia_fixa,"08-2018",10,2724.17
moveis_sala,"09-2017",11,1275.87
casa_conforto,"05-2018",22,2776.6
moveis_cozinha_area_de_servico_jantar_e_jardim,"03-2018",12,2842.66
malas_acessorios,"05-2017",70,12539.62
market_place,"12-2017",14,703.25
construcao_ferramentas_seguranca,"10-2017",12,1668.85
casa_construcao,"09-2017",11,1357.81
fashion_bolsas_e_acessorios,"07-2018",77,6161.87
fashion_roupa_feminina,"08-2017",4,188.7
alimentos,"02-2018",39,1933.42
artigos_de_festas,"07-2018",2,57.5
brinquedos,"10-2016",27,4465.09
artes,"05-2018",36,2691.86
fashion_roupa_masculina,"08-2017",15,1205.05
moveis_quarto,"09-2017",4,709.6
market_place,"06-2017",16,1258.95
eletronicos,"09-2017",67,4338.96
livros_interesse_geral,"10-2017",11,734.5
livros_tecnicos,"05-2017",3,262.0
moveis_cozinha_area_de_servico_jantar_e_jardim,"01-2017",1,110.0
artes_e_artesanato,"07-2018",11,654.57
alimentos,"12-2017",14,978.19
dvds_blu_ray,"05-2018",7,439.94
beleza_saude,"09-2016",3,134.97
audio,"04-2018",31,7045.07
moveis_escritorio,"08-2018",30,6758.87
pcs,"07-2018",8,11239.0
portateis_casa_forno_e_cafe,"06-2017",1,71.9
fashion_roupa_masculina,"06-2017",10,569.69
automotivo,"10-2016",12,1833.25
relogios_presentes,"10-2016",5,3360.24
audio,"08-2018",26,2069.4
la_cuisine,"03-2018",1,389.0
industria_comercio_e_negocios,"08-2017",3,956.9
livros_interesse_geral,"02-2017",8,772.71
fashion_underwear_e_moda_praia,"02-2018",7,399.3
fashion_underwear_e_moda_praia,"01-2018",8,754.5
eletrodomesticos_2,"03-2018",12,5648.2
instrumentos_musicais,"04-2018",60,19375.31
casa_conforto,"07-2017",43,4563.85
cine_foto,"06-2018",13,435.85
consoles_games,"01-2017",23,5954.2
telefonia_fixa,"02-2018",12,6138.67
eletrodomesticos,"10-2017",8,1951.08
construcao_ferramentas_construcao,"09-2017",11,1289.2
eletrodomesticos,"09-2017",10,1820.19
moveis_quarto,"06-2018",9,1559.99
construcao_ferramentas_ferramentas,"10-2017",5,1018.6
construcao_ferramentas_iluminacao,"02-2018",17,1610.8
telefonia_fixa,"03-2018",14,1930.59
artigos_de_festas,"09-2017",2,269.8
telefonia_fixa,"04-2018",11,1921.94
dvds_blu_ray,"06-2018",6,382.88
telefonia_fixa,"01-2017",22,677.12
fashion_esporte,"01-2018",2,119.8
pcs,"08-2018",12,8711.5
moveis_cozinha_area_de_servico_jantar_e_jardim,"10-2017",16,3428.6
fashion_underwear_e_moda_praia,"04-2018",6,359.4
fashion_calcados,"04-2017",23,1526.5
eletrodomesticos,"01-2018",28,1795.05
alimentos_bebidas,"03-2018",19,2350.77
fashion_roupa_masculina,"02-2018",3,388.09
artigos_de_natal,"02-2018",24,2059.65
telefonia_fixa,"04-2017",11,2998.33
fashion_calcados,"04-2018",11,1438.7
climatizacao,"01-2017",4,663.7
telefonia_fixa,"11-2017",5,943.98
telefonia_fixa,"10-2017",7,3751.88
fashion_calcados,"08-2018",3,471.3
dvds_blu_ray,"10-2017",5,194.5
portateis_cozinha_e_preparadores_de_alimentos,"07-2018",8,172.03
eletroportateis,"05-2017",18,5241.44
climatizacao,"10-2016",10,1707.09
casa_conforto,"05-2017",37,5293.87
construcao_ferramentas_seguranca,"05-2018",29,7298.51
construcao_ferramentas_ferramentas,"04-2018",17,1332.99
eletroportateis,"01-2017",6,1660.79
audio,"10-2017",32,2348.48
market_place,"11-2017",16,1355.98
eletrodomesticos,"03-2017",10,313.3
eletrodomesticos_2,"09-2017",6,1627.8
eletroportateis,"06-2017",23,9698.81
fashion_underwear_e_moda_praia,"12-2017",13,1173.1
"","10-2016",2,65.89
cool_stuff,"10-2016",8,1111.0
consoles_games,"04-2017",17,3772.88
casa_conforto,"04-2017",17,2411.1
instrumentos_musicais,"04-2017",16,3818.43
artigos_de_natal,"09-2017",4,254.7
fashion_roupa_masculina,"10-2017",11,1041.8
fashion_roupa_masculina,"01-2018",6,550.6
moveis_colchao_e_estofado,"02-2018",6,389.4
moveis_cozinha_area_de_servico_jantar_e_jardim,"07-2017",11,1316.5
eletrodomesticos_2,"12-2017",8,1990.16
livros_tecnicos,"10-2017",6,880.0
cine_foto,"05-2018",18,2277.29
telefonia_fixa,"12-2017",5,998.77
consoles_games,"10-2016",10,3882.26
fashion_roupa_masculina,"02-2017",7,642.85
moveis_colchao_e_estofado,"12-2017",8,803.7
moveis_quarto,"03-2018",6,1071.8
moveis_colchao_e_estofado,"05-2017",3,595.89
ferramentas_jardim,"10-2016",5,1359.88
artigos_de_festas,"03-2018",6,913.9
moveis_cozinha_area_de_servico_jantar_e_jardim,"04-2017",9,1033.4
fashion_calcados,"11-2017",20,1777.7
fashion_esporte,"03-2018",1,89.9
livros_interesse_geral,"04-2017",12,923.38
construcao_ferramentas_construcao,"02-2017",3,336.79
industria_comercio_e_negocios,"01-2018",19,3662.0
moveis_cozinha_area_de_servico_jantar_e_jardim,"03-2017",3,113.98
fashion_roupa_infanto_juvenil,"06-2017",1,110.0
sinalizacao_e_seguranca,"04-2017",3,128.06
eletrodomesticos_2,"11-2017",13,4854.93
fashion_underwear_e_moda_praia,"07-2018",2,109.8
artigos_de_natal,"12-2017",16,493.9
moveis_cozinha_area_de_servico_jantar_e_jardim,"05-2017",9,1304.48
livros_tecnicos,"06-2017",2,145.9
fashion_roupa_masculina,"03-2017",9,580.8
sinalizacao_e_seguranca,"09-2017",9,438.4
eletrodomesticos_2,"10-2017",10,2803.17
industria_comercio_e_negocios,"10-2016",4,359.6
telefonia_fixa,"05-2017",10,462.33
construcao_ferramentas_ferramentas,"05-2018",5,417.9
telefonia_fixa,"07-2018",11,9319.39
casa_conforto,"12-2017",14,2257.8
sinalizacao_e_seguranca,"08-2017",4,377.8
fashion_esporte,"10-2017",1,59.9
livros_interesse_geral,"07-2017",13,1292.4
portateis_casa_forno_e_cafe,"04-2018",15,13980.98
alimentos_bebidas,"09-2017",9,310.86
alimentos_bebidas,"07-2018",18,813.73
casa_conforto,"10-2017",27,3619.8
fashion_esporte,"05-2017",3,124.84
agro_industria_e_comercio,"10-2017",5,3350.28
construcao_ferramentas_jardim,"10-2017",9,746.9
alimentos_bebidas,"05-2018",25,1239.44
construcao_ferramentas_ferramentas,"06-2018",4,527.0
construcao_ferramentas_iluminacao,"06-2018",44,4583.41
alimentos_bebidas,"06-2018",11,293.85
musica,"05-2018",5,729.0
agro_industria_e_comercio,"06-2018",10,3515.8
flores,"04-2018",3,158.4
market_place,"05-2018",14,957.45
sinalizacao_e_seguranca,"01-2018",8,1048.79
audio,"01-2018",26,3820.28
audio,"02-2018",15,2828.49
audio,"05-2018",21,2697.68
fraldas_higiene,"04-2018",4,149.0
moveis_quarto,"04-2018",8,1470.9
flores,"11-2017",6,187.8
pcs,"11-2017",7,9768.0
flores,"02-2018",4,134.48
pcs,"10-2017",27,40393.92
fraldas_higiene,"08-2018",3,231.89
fraldas_higiene,"07-2018",4,149.8
audio,"03-2018",34,10606.69
audio,"12-2017",17,2686.93
moveis_quarto,"01-2018",5,914.8
construcao_ferramentas_jardim,"06-2017",4,434.69
eletrodomesticos_2,"03-2017",2,500.9
eletrodomesticos_2,"06-2018",19,8312.72
moveis_quarto,"10-2017",4,1193.9
dvds_blu_ray,"02-2018",1,24.9
casa_construcao,"05-2017",7,1620.5
casa_construcao,"06-2017",8,1992.3
fashion_roupa_feminina,"05-2017",5,422.4
pcs,"01-2018",12,7450.0
audio,"07-2018",22,2062.64
construcao_ferramentas_iluminacao,"03-2018",13,2536.7
fashion_underwear_e_moda_praia,"07-2017",3,274.8
sinalizacao_e_seguranca,"11-2017",5,596.79
audio,"06-2018",20,1830.69
pcs,"09-2017",41,52878.88
moveis_quarto,"02-2018",8,1094.8
moveis_sala,"12-2017",20,2316.01
fashion_roupa_infanto_juvenil,"08-2017",1,49.9
casa_conforto,"01-2018",18,3020.16
audio,"02-2017",5,163.8
moveis_quarto,"05-2018",6,1484.98
artigos_de_natal,"06-2018",7,306.19
flores,"01-2018",10,284.6
livros_importados,"01-2018",6,583.0
fashion_roupa_feminina,"01-2017",2,77.3
sinalizacao_e_seguranca,"12-2017",2,770.0
construcao_ferramentas_iluminacao,"05-2018",41,5477.81
livros_importados,"04-2017",1,19.99
industria_comercio_e_negocios,"10-2017",5,2256.69
construcao_ferramentas_iluminacao,"01-2018",7,2392.99
fashion_roupa_feminina,"04-2017",1,64.9
moveis_quarto,"04-2017",5,858.96
portateis_casa_forno_e_cafe,"08-2017",2,109.06
cama_mesa_banho,"10-2016",8,478.99
fraldas_higiene,"05-2018",3,117.0
fashion_underwear_e_moda_praia,"10-2017",3,187.8
construcao_ferramentas_iluminacao,"10-2017",2,500.0
fashion_esporte,"04-2017",4,189.78
construcao_ferramentas_iluminacao,"11-2017",10,2199.48
fashion_esporte,"08-2018",1,69.9
cine_foto,"04-2018",5,521.74
moveis_sala,"03-2017",24,3324.0
artigos_de_natal,"07-2017",2,65.09
construcao_ferramentas_iluminacao,"07-2017",1,360.0
cine_foto,"01-2018",2,199.98
flores,"03-2018",3,89.67
market_place,"06-2018",7,556.46
portateis_cozinha_e_preparadores_de_alimentos,"08-2018",5,1838.5
construcao_ferramentas_iluminacao,"04-2018",47,4962.67
audio,"03-2017",14,1134.77
dvds_blu_ray,"07-2017",4,749.7
dvds_blu_ray,"04-2017",2,1434.9
portateis_cozinha_e_preparadores_de_alimentos,"05-2018",2,1958.0
cine_foto,"02-2018",2,227.99
moveis_escritorio,"01-2017",10,1444.35
livros_importados,"02-2018",3,325.0
cine_foto,"03-2018",7,711.79
construcao_ferramentas_iluminacao,"09-2017",1,229.0
construcao_ferramentas_ferramentas,"11-2017",5,269.5
artes,"02-2018",13,1251.71
construcao_ferramentas_iluminacao,"08-2017",2,589.0
musica,"03-2017",1,27.99
moveis_cozinha_area_de_servico_jantar_e_jardim,"05-2018",13,2310.09
pc_gamer,"07-2018",3,677.0
moveis_cozinha_area_de_servico_jantar_e_jardim,"04-2018",20,3165.47
alimentos_bebidas,"03-2017",5,110.8
flores,"12-2017",2,82.7
construcao_ferramentas_construcao,"03-2017",4,773.4
fashion_roupa_masculina,"10-2016",1,24.9
industria_comercio_e_negocios,"12-2017",9,1828.5
artigos_de_natal,"06-2017",3,184.7
fashion_calcados,"01-2018",9,666.7
agro_industria_e_comercio,"12-2017",11,5291.7
moveis_cozinha_area_de_servico_jantar_e_jardim,"09-2017",5,464.09
sinalizacao_e_seguranca,"05-2018",7,683.5
cine_foto,"08-2018",10,685.28
artes,"06-2017",10,421.7
fashion_roupa_feminina,"08-2018",3,129.97
eletrodomesticos_2,"08-2018",15,9882.76
portateis_casa_forno_e_cafe,"02-2018",5,3024.9
construcao_ferramentas_jardim,"02-2017",2,579.98
sinalizacao_e_seguranca,"03-2018",9,921.9
moveis_cozinha_area_de_servico_jantar_e_jardim,"06-2018",30,3667.43
casa_construcao,"03-2017",10,591.96
bebidas,"07-2017",3,273.97
eletrodomesticos,"04-2017",10,499.4
artes_e_artesanato,"07-2017",1,129.9
artigos_de_natal,"04-2018",12,275.15
audio,"06-2017",11,1671.0
portateis_casa_forno_e_cafe,"09-2017",1,640.99
casa_conforto,"02-2018",21,3012.76
fashion_esporte,"09-2017",5,384.6
industria_comercio_e_negocios,"08-2018",10,2364.69
fashion_underwear_e_moda_praia,"04-2017",4,98.79
audio,"04-2017",11,942.2
telefonia_fixa,"10-2016",5,704.88
portateis_casa_forno_e_cafe,"03-2018",7,7890.9
papelaria,"01-2017",14,1561.99
artes_e_artesanato,"05-2017",1,21.99
eletrodomesticos_2,"06-2017",6,1213.87
la_cuisine,"04-2017",1,24.0
artigos_de_festas,"10-2017",2,137.8
casa_conforto,"02-2017",3,414.66
agro_industria_e_comercio,"05-2018",8,3279.75
construcao_ferramentas_seguranca,"09-2017",5,1124.54
agro_industria_e_comercio,"07-2017",1,1180.0
livros_importados,"06-2018",9,468.17
livros_importados,"06-2017",2,99.0
seguros_e_servicos,"09-2017",1,100.0
livros_tecnicos,"01-2018",17,1176.55
fashion_esporte,"07-2017",1,69.9
industria_comercio_e_negocios,"02-2017",1,119.0
industria_comercio_e_negocios,"03-2017",2,238.0
fashion_calcados,"06-2018",10,1230.58
artes,"12-2017",3,115.25
fashion_calcados,"07-2018",5,820.19
artes,"04-2017",1,119.9
alimentos,"04-2017",8,491.3
fashion_roupa_feminina,"09-2017",4,355.7
industria_comercio_e_negocios,"06-2017",2,276.97
moveis_decoracao,"09-2016",2,72.89
casa_conforto_2,"01-2017",2,72.8
livros_interesse_geral,"01-2017",2,234.89
moveis_colchao_e_estofado,"03-2018",4,440.0
artigos_de_natal,"08-2018",11,564.37
artes,"09-2017",3,388.54
artes_e_artesanato,"05-2018",1,89.8
moveis_colchao_e_estofado,"07-2018",1,129.9
artigos_de_natal,"01-2018",10,851.5
fashion_esporte,"08-2017",2,265.8
fashion_roupa_masculina,"05-2017",4,608.9
dvds_blu_ray,"07-2018",1,83.99
fashion_bolsas_e_acessorios,"12-2016",1,10.9
moveis_quarto,"07-2018",10,1386.9
moveis_colchao_e_estofado,"11-2017",2,334.0
moveis_colchao_e_estofado,"08-2017",2,509.39
industria_comercio_e_negocios,"07-2017",2,245.96
dvds_blu_ray,"12-2017",1,119.9
artes,"03-2017",5,223.25
pcs,"04-2018",15,13774.92
moveis_quarto,"05-2017",9,2369.97
dvds_blu_ray,"04-2018",5,92.5
dvds_blu_ray,"06-2017",4,126.69
climatizacao,"07-2018",17,2657.86
livros_importados,"07-2018",8,402.78
pcs,"01-2017",1,2199.99
dvds_blu_ray,"08-2018",1,8.9
musica,"07-2018",3,849.3
sinalizacao_e_seguranca,"03-2017",1,75.0
market_place,"07-2018",4,186.78
la_cuisine,"10-2017",1,137.0
fashion_roupa_feminina,"01-2018",3,161.79
moveis_quarto,"07-2017",5,1206.99
la_cuisine,"11-2017",1,137.0
moveis_quarto,"02-2017",1,450.0
moveis_quarto,"11-2017",3,873.0
artigos_de_natal,"03-2018",12,854.95
fraldas_higiene,"10-2016",1,134.9
moveis_cozinha_area_de_servico_jantar_e_jardim,"06-2017",4,374.8
fashion_roupa_masculina,"12-2017",4,450.89
livros_importados,"11-2017",4,324.0
dvds_blu_ray,"05-2017",4,89.6
livros_interesse_geral,"10-2016",1,119.5
livros_tecnicos,"03-2017",2,75.0
livros_importados,"08-2017",1,61.0
fashion_underwear_e_moda_praia,"05-2017",7,283.5
climatizacao,"12-2017",3,668.8
construcao_ferramentas_seguranca,"08-2017",1,8.9
pet_shop,"10-2016",4,689.68
alimentos,"10-2016",1,79.9
telefonia_fixa,"09-2017",13,13692.91
musica,"10-2017",1,54.9
artigos_de_natal,"07-2018",8,509.56
flores,"05-2018",1,16.4
agro_industria_e_comercio,"09-2017",4,1993.99
agro_industria_e_comercio,"03-2017",2,81.99
fashion_calcados,"02-2017",3,107.05
tablets_impressao_imagem,"04-2018",1,52.0
construcao_ferramentas_iluminacao,"12-2017",2,176.0
tablets_impressao_imagem,"05-2018",1,49.9
la_cuisine,"05-2017",1,193.0
tablets_impressao_imagem,"10-2017",1,99.0
moveis_sala,"04-2017",12,2073.34
artes,"07-2018",21,1843.2
tablets_impressao_imagem,"09-2017",3,233.9
fashion_roupa_feminina,"11-2017",3,79.88
fashion_roupa_masculina,"07-2018",5,208.7
dvds_blu_ray,"09-2017",2,39.8
musica,"03-2018",2,323.97
dvds_blu_ray,"03-2018",2,49.8
dvds_blu_ray,"02-2017",1,14.9
flores,"06-2018",2,108.0
casa_conforto,"03-2018",21,2522.38
agro_industria_e_comercio,"02-2017",7,224.84
musica,"06-2017",4,1066.9
fashion_roupa_infanto_juvenil,"03-2018",2,79.98
fashion_underwear_e_moda_praia,"05-2018",6,207.4
musica,"07-2017",1,329.0
fraldas_higiene,"03-2018",6,163.0
industria_comercio_e_negocios,"05-2017",2,519.8
fraldas_higiene,"12-2017",2,76.0
fashion_roupa_infanto_juvenil,"10-2017",1,39.99
agro_industria_e_comercio,"01-2017",3,65.97
fashion_roupa_feminina,"03-2017",1,19.9
artigos_de_natal,"05-2018",6,524.53
artigos_de_natal,"08-2017",1,58.9
moveis_quarto,"01-2017",8,73.2
livros_importados,"12-2017",3,231.0
artes_e_artesanato,"04-2018",1,15.99
livros_tecnicos,"07-2017",2,528.0
construcao_ferramentas_ferramentas,"05-2017",2,803.9
construcao_ferramentas_ferramentas,"09-2017",3,916.89
moveis_colchao_e_estofado,"04-2017",1,109.4
casa_construcao,"02-2017",4,695.6
moveis_colchao_e_estofado,"07-2017",1,109.4
construcao_ferramentas_ferramentas,"04-2017",1,729.0
moveis_colchao_e_estofado,"09-2017",1,86.5
agro_industria_e_comercio,"08-2017",4,88.0
portateis_casa_forno_e_cafe,"05-2018",9,10161.6
artes,"08-2017",4,244.7
la_cuisine,"01-2018",1,112.0
musica,"04-2017",2,59.8
livros_importados,"08-2018",1,749.0
moveis_quarto,"06-2017",2,308.99
fashion_underwear_e_moda_praia,"06-2018",7,129.3
casa_conforto_2,"03-2017",3,342.88
fashion_underwear_e_moda_praia,"08-2018",2,219.9
bebidas,"06-2017",1,49.99
construcao_ferramentas_seguranca,"02-2017",1,379.0
portateis_casa_forno_e_cafe,"06-2018",3,3499.0
pcs,"02-2017",1,3549.0
dvds_blu_ray,"01-2018",2,49.8
eletronicos,"10-2016",2,1306.99
audio,"07-2017",7,771.69
fashion_roupa_infanto_juvenil,"05-2017",1,110.0
construcao_ferramentas_ferramentas,"12-2017",6,349.4
fashion_esporte,"04-2018",1,89.9
instrumentos_musicais,"01-2017",1,339.74
fashion_calcados,"10-2016",1,29.99
sinalizacao_e_seguranca,"05-2017",4,508.85
industria_comercio_e_negocios,"09-2017",2,219.98
musica,"01-2017",2,19.8
pc_gamer,"08-2018",1,219.0
fashion_roupa_feminina,"04-2018",5,174.95
fashion_roupa_feminina,"02-2018",1,29.99
fashion_roupa_masculina,"01-2017",1,126.9
livros_tecnicos,"02-2017",1,159.0
alimentos_bebidas,"06-2017",2,57.4
livros_importados,"04-2018",4,317.99
livros_importados,"05-2018",10,410.92
musica,"02-2018",2,244.97
livros_importados,"03-2018",3,259.0
musica,"01-2018",1,24.97
casa_conforto_2,"10-2017",5,64.5
casa_conforto_2,"11-2017",3,38.7
casa_conforto_2,"06-2018",2,25.8
artigos_de_festas,"01-2018",2,135.8
casa_conforto_2,"08-2017",3,38.7
livros_tecnicos,"04-2017",1,75.0
casa_conforto_2,"02-2018",3,38.7
fraldas_higiene,"01-2018",5,125.0
artigos_de_festas,"07-2017",1,69.9
casa_conforto_2,"09-2017",1,12.9
fashion_esporte,"11-2017",1,59.9
fraldas_higiene,"02-2018",4,100.0
casa_conforto_2,"07-2018",3,38.7
eletrodomesticos_2,"02-2017",1,15.99
artes,"07-2017",3,386.75
casa_conforto_2,"04-2018",1,12.9
casa_construcao,"08-2017",1,124.8
casa_conforto_2,"07-2017",1,12.9
fashion_roupa_feminina,"10-2016",1,54.9
casa_conforto_2,"04-2017",1,12.9
fashion_esporte,"12-2017",1,59.9
casa_conforto_2,"06-2017",1,12.9
eletrodomesticos_2,"04-2017",2,799.8
construcao_ferramentas_construcao,"01-2017",1,310.0
cine_foto,"11-2017",1,242.0
casa_conforto_2,"03-2018",1,34.99
fashion_roupa_masculina,"05-2018",1,129.99
bebidas,"04-2017",7,199.93
moveis_cozinha_area_de_servico_jantar_e_jardim,"09-2018",1,145.0
artigos_de_festas,"05-2018",4,100.7
fashion_calcados,"01-2017",1,34.9
la_cuisine,"04-2018",2,280.0
moveis_quarto,"12-2017",1,185.0
agro_industria_e_comercio,"06-2017",1,1390.0
seguros_e_servicos,"01-2017",1,183.29
fashion_roupa_feminina,"03-2018",4,119.96
portateis_casa_forno_e_cafe,"01-2018",1,369.99
artes,"11-2017",1,75.0
artigos_de_festas,"04-2018",2,43.8
telefonia,"09-2016",1,59.5
